record_id,period_key,dimension_a,dimension_b,category_code,value_amount,status_code,exception_reason
REC00003,P04,DA004,DB004,CAT01,2607.93,VALID,DUPLICATE_KEY
REC00003,P04,DA004,DB004,CAT01,1130.10,VALID,DUPLICATE_KEY
REC00007,P04,DA003,DB002,CAT02,3045.05,REVIEW,SOURCE_STATUS_REVIEW
REC00014,P03,DA005,DB003,CAT03,2973.95,REVIEW,SOURCE_STATUS_REVIEW
REC00021,P02,DA001,DB001,CAT01,,VALID,MISSING_FIELD:value_amount
REC00022,P01,DA999,DB002,CAT02,875.00,VALID,UNMAPPED_REFERENCE
REC00023,P03,DA002,DB003,CAT03,12O5.40,VALID,INVALID_AMOUNT
REC00024,P02,DA008,DB001,CAT02,640.25,VALID,INACTIVE_REFERENCE
REC00026,P03,DA005,DB002,CAT02,6120.00,VALID,ABOVE_CATEGORY_CEILING
