period,cost_center,country,budget_cost,actual_cost,variance,variance_pct,headcount_effect,rate_effect,mix_effect,one_off_effect,material_flag,primary_driver
2026-05,CC500,CR1,111388.48,141956.12,30567.64,27.4,7956.32,-171.08,-12.22,22794.62,YES,ONE_OFF
2026-03,CC300,PL1,181583.82,210428.96,28845.14,15.9,0.0,2437.71,0.0,26407.43,YES,ONE_OFF
2026-01,CC400,PL1,65082.6,84244.02,19161.42,29.4,17749.8,1109.13,302.49,0.0,YES,HEADCOUNT
2026-01,CC500,MX1,70960.65,89305.38,18344.73,25.9,14192.13,3460.5,692.1,0.0,YES,HEADCOUNT
2026-02,CC300,PL1,176081.28,194355.35,18274.07,10.4,16507.62,1615.04,151.41,0.0,YES,HEADCOUNT
2026-01,CC100,PL1,54525.35,72280.74,17755.39,32.6,14870.55,2266.66,618.18,0.0,YES,HEADCOUNT
2026-02,CC600,PL1,170268.28,185653.42,15385.14,9.0,11742.64,3407.5,235.0,0.0,YES,HEADCOUNT
2026-01,CC100,CR1,142043.62,157340.37,15296.75,10.8,11213.97,3784.04,298.74,0.0,YES,HEADCOUNT
2026-03,CC600,PL1,176139.6,161067.76,-15071.84,-8.6,-11742.64,-3567.0,237.8,0.0,YES,HEADCOUNT
